insert into address(ADDRESS_ID,CITY,COUNTRY,HOUSE_NO,STATE,STREET,ZIP) values(90,'Pune','india','123','Maharastra','North Street',234324);
insert into address(ADDRESS_ID,CITY,COUNTRY,HOUSE_NO,STATE,STREET,ZIP) values(91,'Bangalore','india','12c','Karnataka','South Street',782324);

 
insert into address(ADDRESS_ID,CITY,COUNTRY,HOUSE_NO,STATE,STREET,ZIP) values(92,'Motihari','india','136p','Bihar','Mg Road',845401);
insert into address(ADDRESS_ID,CITY,COUNTRY,HOUSE_NO,STATE,STREET,ZIP) values(93,'Kolkata','india','13t','West Bengal','UBI Road',233684);

insert into address(ADDRESS_ID,CITY,COUNTRY,HOUSE_NO,STATE,STREET,ZIP) values(94,'Patna','india','59p','Bihar','TM Road',845261);
insert into address(ADDRESS_ID,CITY,COUNTRY,HOUSE_NO,STATE,STREET,ZIP) values(95,'Delhi','india','23l','New Delhi','Bank Road',233264);

insert into bank_account(ACCOUNT_NO,ACCOUNT_HOLDER_NAME,ACCOUNT_TYPE) values(21367,'Ashish','Savings');
insert into bank_account(ACCOUNT_NO,ACCOUNT_HOLDER_NAME,ACCOUNT_TYPE) values(12345,'Tarun','Savings');
insert into bank_account(ACCOUNT_NO,ACCOUNT_HOLDER_NAME,ACCOUNT_TYPE) values(21325,'Verma','Current');
insert into bank_account(ACCOUNT_NO,ACCOUNT_HOLDER_NAME,ACCOUNT_TYPE) values(52369,'Souvik','Current');

insert into customer(CUSTOMER_ID,AADHAR_NO,FIRST_NAME,LAST_NAME,MOBILE_NO,ADDRESS_ID,BANKACCOUNT)  values(123,324324,'Ashish','Tiwari',4543543,90,21367);
insert into customer(CUSTOMER_ID,AADHAR_NO,FIRST_NAME,LAST_NAME,MOBILE_NO,ADDRESS_ID,BANKACCOUNT)  values(125,456546,'Tarun','Singh',123466,91,12345);
insert into customer(CUSTOMER_ID,AADHAR_NO,FIRST_NAME,LAST_NAME,MOBILE_NO,ADDRESS_ID,BANKACCOUNT)  values(127,324324,'Ashish','Verma',4543543,92,21325);
insert into customer(CUSTOMER_ID,AADHAR_NO,FIRST_NAME,LAST_NAME,MOBILE_NO,ADDRESS_ID,BANKACCOUNT)  values(128,456546,'Souvik','Ghosh',123466,93,52369);



insert into courier(COURIER_ID,CONSIGNMENT_NO,DELIVERED_DATE,INITIATED_DATE,STATUS,RECEIVER_CUSTOMER,SENDER_CUSTOMER) 
	values(101,190,'2021-04-13','2021-05-13','initiated',123,125);
	
	insert into courier(COURIER_ID,CONSIGNMENT_NO,DELIVERED_DATE,INITIATED_DATE,STATUS,RECEIVER_CUSTOMER,SENDER_CUSTOMER) 
	values(102,194,'2021-03-13','2021-03-16','delivered',127,128);
	
	insert into courier(COURIER_ID,CONSIGNMENT_NO,DELIVERED_DATE,INITIATED_DATE,STATUS,RECEIVER_CUSTOMER,SENDER_CUSTOMER) 
	values(103,198,'2021-03-22','2021-03-28','delivered',123,128);
	
	insert into courier(COURIER_ID,CONSIGNMENT_NO,DELIVERED_DATE,INITIATED_DATE,STATUS,RECEIVER_CUSTOMER,SENDER_CUSTOMER) 
	values(104,199,'2021-03-04','2021-03-08','delivered',128,123);
	

insert into complaint(COMPLAINT_ID,DETAILED_DESCRIPTION,SHORT_DESCRIPTION,COURIER_ID) values(1111,'no update found last days','no update',101);
insert into complaint(COMPLAINT_ID,DETAILED_DESCRIPTION,SHORT_DESCRIPTION,COURIER_ID) values(1112,'DAMAGAED PARCEL','no update',103);
insert into complaint(COMPLAINT_ID,DETAILED_DESCRIPTION,SHORT_DESCRIPTION,COURIER_ID) values(1113,'Damaged','no update',102);

insert into payment(PAYMENT_ID,PAYMENT_DATE,PAYMENT_MODE,COURIER_ID) values(900,'2021-04-13','cash',101);
insert into payment(PAYMENT_ID,PAYMENT_DATE,PAYMENT_MODE,COURIER_ID) values(901,'2021-03-13','cash',102);
insert into payment(PAYMENT_ID,PAYMENT_DATE,PAYMENT_MODE,COURIER_ID) values(902,'2021-03-22','cash',103);
insert into payment(PAYMENT_ID,PAYMENT_DATE,PAYMENT_MODE,COURIER_ID) values(903,'2021-03-04','card',104);

insert into COURIER_OFFICE_OUTLET(OFFICE_ID,CLOSING_TIME,OPENING_TIME,ADDRESS_ID) values(10111,'17:30:00','10:00:00',94);
insert into COURIER_OFFICE_OUTLET(OFFICE_ID,CLOSING_TIME,OPENING_TIME,ADDRESS_ID) values(10112,'17:30:00','10:00:00',95);
 
insert into OFFICE_STAFF_MEMBER (DTYPE,EMP_ID,NAME,ROLE,ADDRESS_ID,MANAGER_ID,OFFICE_ID) values('OfficeStaffMember',111,'Ashish','MGR',90,null,10111);
insert into OFFICE_STAFF_MEMBER (DTYPE,EMP_ID,NAME,ROLE,ADDRESS_ID,MANAGER_ID,OFFICE_ID) values('OfficeStaffMember',112,'Arun','EMP',91,111,10111);

insert into OFFICE_STAFF_MEMBER (DTYPE,EMP_ID,NAME,ROLE,ADDRESS_ID,MANAGER_ID,OFFICE_ID) values('OfficeStaffMember',113,'Priya','MGR',92,null,10112);
insert into OFFICE_STAFF_MEMBER (DTYPE,EMP_ID,NAME,ROLE,ADDRESS_ID,MANAGER_ID,OFFICE_ID) values('OfficeStaffMember',114,'Amrita','EMP',93,111,10112);

insert into User(USER_NAME,PASSWORD,ROLE) values('cpg','cpg','MGR');

